<?xml version="1.0"?>
<Template xmlns:xsi="http://www.w3.org/2001/XMLSchema-instance" xmlns:xsd="http://www.w3.org/2001/XMLSchema">
  <Name>Detailed documentation</Name>
  <Description><![CDATA[Includes all objects with all details]]></Description>
  <Type>PDF</Type>
  <IsCustomizable>true</IsCustomizable>
  <Subtype>Detailed</Subtype>
  <Customization>
    <General>
      <FontFamily>Segoe UI Light</FontFamily>
    </General>
    <TitlePage>
      <Header>
        <Font>
          <FontFamily xsi:nil="true" />
          <Size>14</Size>
          <Bold>false</Bold>
          <Italic>false</Italic>
          <Underline>false</Underline>
          <Strikeout>false</Strikeout>
          <Color>
            <A>255</A>
            <R>0</R>
            <G>0</G>
            <B>0</B>
          </Color>
        </Font>
        <Text xsi:nil="true" />
        <Link xsi:nil="true" />
      </Header>
      <Image>
        <Name xsi:nil="true" />
        <Link xsi:nil="true" />
      </Image>
      <Title>
        <Font>
          <FontFamily xsi:nil="true" />
          <Size>28</Size>
          <Bold>false</Bold>
          <Italic>false</Italic>
          <Underline>false</Underline>
          <Strikeout>false</Strikeout>
          <Color>
            <A>255</A>
            <R>20</R>
            <G>55</G>
            <B>93</B>
          </Color>
        </Font>
        <Text xsi:nil="true" />
        <Link xsi:nil="true" />
      </Title>
      <Subtitle>
        <Font>
          <FontFamily xsi:nil="true" />
          <Size>22</Size>
          <Bold>false</Bold>
          <Italic>false</Italic>
          <Underline>false</Underline>
          <Strikeout>false</Strikeout>
          <Color>
            <A>255</A>
            <R>20</R>
            <G>55</G>
            <B>93</B>
          </Color>
        </Font>
        <Text>Data Dictionary</Text>
        <Link xsi:nil="true" />
      </Subtitle>
      <Date>
		<Show>true</Show>
        <Font>
          <FontFamily xsi:nil="true" />
          <Size>11</Size>
          <Bold>false</Bold>
          <Italic>false</Italic>
          <Underline>false</Underline>
          <Strikeout>false</Strikeout>
          <Color>
            <A>255</A>
            <R>0</R>
            <G>0</G>
            <B>0</B>
          </Color>
        </Font>
      </Date>
    </TitlePage>
    <TableOfContents>
      <Title>
        <Font>
          <FontFamily xsi:nil="true" />
          <Size>12</Size>
          <Bold>false</Bold>
          <Italic>false</Italic>
          <Underline>false</Underline>
          <Strikeout>false</Strikeout>
          <Color>
            <A>255</A>
            <R>84</R>
            <G>141</G>
            <B>212</B>
          </Color>
        </Font>
      </Title>
      <Level1>
        <Font>
          <FontFamily xsi:nil="true" />
          <Size>9</Size>
          <Bold>false</Bold>
          <Italic>false</Italic>
          <Underline>false</Underline>
          <Strikeout>false</Strikeout>
          <Color>
            <A>255</A>
            <R>0</R>
            <G>0</G>
            <B>0</B>
          </Color>
        </Font>
      </Level1>
      <Level2>
        <Font>
          <FontFamily xsi:nil="true" />
          <Size>9</Size>
          <Bold>false</Bold>
          <Italic>false</Italic>
          <Underline>false</Underline>
          <Strikeout>false</Strikeout>
          <Color>
            <A>255</A>
            <R>0</R>
            <G>0</G>
            <B>0</B>
          </Color>
        </Font>
      </Level2>
      <Level3>
        <Font>
          <FontFamily xsi:nil="true" />
          <Size>9</Size>
          <Bold>false</Bold>
          <Italic>false</Italic>
          <Underline>false</Underline>
          <Strikeout>false</Strikeout>
          <Color>
            <A>255</A>
            <R>0</R>
            <G>0</G>
            <B>0</B>
          </Color>
        </Font>
      </Level3>
    </TableOfContents>
    <Legend>
      <Font>
        <FontFamily xsi:nil="true" />
        <Size>11.25</Size>
        <Bold>false</Bold>
        <Italic>false</Italic>
        <Underline>false</Underline>
        <Strikeout>false</Strikeout>
        <Color>
          <A>255</A>
          <R>54</R>
          <G>95</G>
          <B>145</B>
        </Color>
      </Font>
    </Legend>
    <Footer>
      <Left>
        <Image>
          <Name xsi:nil="true" />
          <Link xsi:nil="true" />
        </Image>
        <Text>
          <Font>
            <FontFamily xsi:nil="true" />
            <Size>9</Size>
            <Bold>false</Bold>
            <Italic>false</Italic>
            <Underline>false</Underline>
            <Strikeout>false</Strikeout>
            <Color>
              <A>255</A>
              <R>0</R>
              <G>0</G>
              <B>0</B>
            </Color>
          </Font>
          <Text xsi:nil="true" />
          <Link xsi:nil="true" />
        </Text>
        <PageNumber>
          <Show>true</Show>
          <Font>
            <FontFamily xsi:nil="true" />
            <Size>9</Size>
            <Bold>false</Bold>
            <Italic>false</Italic>
            <Underline>false</Underline>
            <Strikeout>false</Strikeout>
            <Color>
              <A>255</A>
              <R>0</R>
              <G>0</G>
              <B>0</B>
            </Color>
          </Font>
        </PageNumber>
      </Left>
      <Center>
        <Image>
          <Name xsi:nil="true" />
          <Link xsi:nil="true" />
        </Image>
        <Text>
          <Font>
            <FontFamily xsi:nil="true" />
            <Size>9</Size>
            <Bold>false</Bold>
            <Italic>false</Italic>
            <Underline>false</Underline>
            <Strikeout>false</Strikeout>
            <Color>
              <A>255</A>
              <R>0</R>
              <G>0</G>
              <B>0</B>
            </Color>
          </Font>
          <Text xsi:nil="true" />
          <Link xsi:nil="true" />
        </Text>
        <PageNumber>
          <Show xsi:nil="true" />
          <Font>
            <FontFamily xsi:nil="true" />
            <Size>9</Size>
            <Bold>false</Bold>
            <Italic>false</Italic>
            <Underline>false</Underline>
            <Strikeout>false</Strikeout>
            <Color>
              <A>255</A>
              <R>0</R>
              <G>0</G>
              <B>0</B>
            </Color>
          </Font>
        </PageNumber>
      </Center>
      <Right>
        <Image>
          <Name xsi:nil="true" />
          <Link xsi:nil="true" />
        </Image>
        <Text>
          <Font>
            <FontFamily xsi:nil="true" />
            <Size>9</Size>
            <Bold>false</Bold>
            <Italic>false</Italic>
            <Underline>false</Underline>
            <Strikeout>false</Strikeout>
            <Color>
              <A>255</A>
              <R>0</R>
              <G>0</G>
              <B>0</B>
            </Color>
          </Font>
          <Text xsi:nil="true" />
          <Link xsi:nil="true" />
        </Text>
        <PageNumber>
          <Show xsi:nil="true" />
          <Font>
            <FontFamily xsi:nil="true" />
            <Size>9</Size>
            <Bold>false</Bold>
            <Italic>false</Italic>
            <Underline>false</Underline>
            <Strikeout>false</Strikeout>
            <Color>
              <A>255</A>
              <R>0</R>
              <G>0</G>
              <B>0</B>
            </Color>
          </Font>
        </PageNumber>
      </Right>
    </Footer>
    <Tables>
      <Header>
        <BackgroundColor>
          <A>255</A>
          <R>169</R>
          <G>196</G>
          <B>231</B>
        </BackgroundColor>
        <BorderColor>
          <A>255</A>
          <R>169</R>
          <G>196</G>
          <B>231</B>
        </BorderColor>
        <Font>
          <FontFamily xsi:nil="true" />
          <Size>8</Size>
          <Bold>false</Bold>
          <Italic>false</Italic>
          <Underline>false</Underline>
          <Strikeout>false</Strikeout>
          <Color>
            <A>255</A>
            <R>0</R>
            <G>0</G>
            <B>0</B>
          </Color>
        </Font>
      </Header>
      <Body>
        <BackgroundColor>
          <A>0</A>
          <R>0</R>
          <G>0</G>
          <B>0</B>
        </BackgroundColor>
        <BorderColor>
          <A>255</A>
          <R>169</R>
          <G>196</G>
          <B>231</B>
        </BorderColor>
        <Font>
          <FontFamily xsi:nil="true" />
          <Size>8</Size>
          <Bold xsi:nil="true" />
          <Italic>false</Italic>
          <Underline>false</Underline>
          <Strikeout>false</Strikeout>
          <Color>
            <A>255</A>
            <R>0</R>
            <G>0</G>
            <B>0</B>
          </Color>
        </Font>
      </Body>
    </Tables>
    <Headings>
      <Heading1>
        <Font>
          <FontFamily xsi:nil="true" />
          <Size>15.75</Size>
          <Bold>false</Bold>
          <Italic>false</Italic>
          <Underline>false</Underline>
          <Strikeout>false</Strikeout>
          <Color>
            <A>255</A>
            <R>54</R>
            <G>95</G>
            <B>145</B>
          </Color>
        </Font>
      </Heading1>
      <Heading2>
        <Font>
          <FontFamily xsi:nil="true" />
          <Size>14.25</Size>
          <Bold>false</Bold>
          <Italic>false</Italic>
          <Underline>false</Underline>
          <Strikeout>false</Strikeout>
          <Color>
            <A>255</A>
            <R>79</R>
            <G>129</G>
            <B>189</B>
          </Color>
        </Font>
      </Heading2>
      <Heading3>
        <Font>
          <FontFamily xsi:nil="true" />
          <Size>12</Size>
          <Bold>false</Bold>
          <Italic>false</Italic>
          <Underline>false</Underline>
          <Strikeout>false</Strikeout>
          <Color>
            <A>255</A>
            <R>84</R>
            <G>141</G>
            <B>212</B>
          </Color>
        </Font>
      </Heading3>
      <Heading4>
        <Font>
          <FontFamily xsi:nil="true" />
          <Size>11.25</Size>
          <Bold>false</Bold>
          <Italic>false</Italic>
          <Underline>false</Underline>
          <Strikeout>false</Strikeout>
          <Color>
            <A>255</A>
            <R>54</R>
            <G>95</G>
            <B>145</B>
          </Color>
        </Font>
      </Heading4>
    </Headings>
  </Customization>
</Template>